date,open,close,high,low,volume,成交额,均价,ma50,ma200
2026-03-03 09:49:00,5.15,5.15,5.15,5.14,5602.0,2884714.0,5.144,,
2026-03-03 09:50:00,5.15,5.14,5.15,5.14,1353.0,696367.0,5.144,,
2026-03-03 09:51:00,5.14,5.15,5.15,5.14,2502.0,1288045.0,5.144,,
2026-03-03 09:52:00,5.15,5.14,5.15,5.14,3909.0,2012415.0,5.144,,
2026-03-03 09:53:00,5.14,5.15,5.15,5.14,1565.0,804869.0,5.144,,
2026-03-03 09:54:00,5.15,5.14,5.15,5.14,1320.0,679007.0,5.144,,
2026-03-03 09:55:00,5.14,5.14,5.15,5.14,2618.0,1347350.0,5.144,,
2026-03-03 09:56:00,5.14,5.15,5.15,5.14,6162.0,3172745.0,5.144,,
2026-03-03 09:57:00,5.15,5.15,5.15,5.14,13659.0,7033518.0,5.145,,
2026-03-03 09:58:00,5.15,5.15,5.15,5.14,5804.0,2988738.0,5.145,,
2026-03-03 09:59:00,5.15,5.14,5.15,5.14,1435.0,738789.0,5.145,,
2026-03-03 10:00:00,5.14,5.14,5.15,5.14,1902.0,978470.0,5.145,,
2026-03-03 10:01:00,5.14,5.15,5.15,5.14,2082.0,1070565.0,5.145,,
2026-03-03 10:02:00,5.15,5.14,5.15,5.13,13606.0,6992959.0,5.144,,
2026-03-03 10:03:00,5.14,5.14,5.14,5.13,1827.0,937823.0,5.144,,
2026-03-03 10:04:00,5.14,5.12,5.14,5.12,18506.0,9492625.0,5.143,,
2026-03-03 10:05:00,5.12,5.12,5.13,5.12,2984.0,1529067.0,5.143,,
2026-03-03 10:06:00,5.12,5.12,5.12,5.11,16197.0,8292315.0,5.142,,
2026-03-03 10:07:00,5.12,5.11,5.12,5.11,1851.0,946773.0,5.142,,
2026-03-03 10:08:00,5.11,5.12,5.13,5.11,15982.0,8178113.0,5.141,,
2026-03-03 10:09:00,5.12,5.12,5.13,5.12,2618.0,1340965.0,5.14,,
2026-03-03 10:10:00,5.12,5.13,5.13,5.12,6848.0,3512231.0,5.14,,
2026-03-03 10:11:00,5.13,5.13,5.14,5.13,9579.0,4915437.0,5.14,,
2026-03-03 10:12:00,5.13,5.14,5.14,5.13,1425.0,731209.0,5.14,,
2026-03-03 10:13:00,5.14,5.14,5.14,5.13,3876.0,1989169.0,5.14,,
2026-03-03 10:14:00,5.14,5.13,5.13,5.12,4934.0,2530971.0,5.14,,
2026-03-03 10:15:00,5.13,5.13,5.14,5.13,1763.0,905209.0,5.14,,
2026-03-03 10:16:00,5.13,5.14,5.14,5.13,1033.0,530290.0,5.14,,
2026-03-03 10:17:00,5.14,5.13,5.14,5.13,1234.0,633718.0,5.14,,
2026-03-03 10:18:00,5.13,5.13,5.14,5.13,1344.0,690097.0,5.14,,
2026-03-03 10:19:00,5.13,5.14,5.14,5.13,3301.0,1695077.0,5.14,,
2026-03-03 10:20:00,5.14,5.14,5.14,5.13,8131.0,4173141.0,5.139,,
2026-03-03 10:21:00,5.14,5.13,5.14,5.13,1191.0,611492.0,5.139,,
2026-03-03 10:22:00,5.13,5.14,5.14,5.13,5606.0,2876757.0,5.139,,
2026-03-03 10:23:00,5.14,5.13,5.14,5.13,9351.0,4797555.0,5.139,,
2026-03-03 10:24:00,5.13,5.14,5.14,5.13,1421.0,729884.0,5.139,,
2026-03-03 10:25:00,5.14,5.14,5.14,5.13,705.0,361976.0,5.139,,
2026-03-03 10:26:00,5.14,5.13,5.14,5.13,7332.0,3762709.0,5.139,,
2026-03-03 10:27:00,5.13,5.14,5.15,5.14,17067.0,8772576.0,5.139,,
2026-03-03 10:28:00,5.14,5.14,5.15,5.14,763.0,392888.0,5.139,,
2026-03-03 10:29:00,5.14,5.15,5.15,5.14,5800.0,2986461.0,5.139,,
2026-03-03 10:30:00,5.15,5.14,5.15,5.14,3544.0,1822795.0,5.139,,
2026-03-03 10:31:00,5.14,5.15,5.15,5.14,53978.0,27800254.0,5.14,,
2026-03-03 10:32:00,5.15,5.16,5.16,5.15,11780.0,6078119.0,5.141,,
2026-03-03 10:33:00,5.16,5.16,5.16,5.15,4468.0,2305326.0,5.141,,
2026-03-03 10:34:00,5.16,5.16,5.17,5.15,24549.0,12667231.0,5.142,,
2026-03-03 10:35:00,5.16,5.17,5.17,5.16,3049.0,1573384.0,5.142,,
2026-03-03 10:36:00,5.17,5.17,5.17,5.15,7390.0,3813186.0,5.142,,
2026-03-03 10:37:00,5.17,5.16,5.17,5.16,1556.0,803369.0,5.142,,
2026-03-03 10:38:00,5.16,5.16,5.17,5.16,2507.0,1294157.0,5.142,5.140599999999999,
2026-03-03 10:39:00,5.16,5.16,5.17,5.16,1834.0,946635.0,5.143,5.1408,
2026-03-03 10:40:00,5.16,5.16,5.17,5.16,3080.0,1590239.0,5.143,5.1412,
2026-03-03 10:41:00,5.16,5.17,5.17,5.16,1221.0,631141.0,5.143,5.1415999999999995,
2026-03-03 10:42:00,5.17,5.16,5.17,5.16,2176.0,1124680.0,5.143,5.1419999999999995,
2026-03-03 10:43:00,5.16,5.16,5.17,5.16,2766.0,1429643.0,5.143,5.1422,
2026-03-03 10:44:00,5.16,5.16,5.17,5.16,1616.0,834523.0,5.143,5.1426,
2026-03-03 10:45:00,5.16,5.16,5.17,5.16,1908.0,985338.0,5.143,5.143000000000001,
2026-03-03 10:46:00,5.16,5.16,5.17,5.16,1232.0,636073.0,5.143,5.1432,
2026-03-03 10:47:00,5.16,5.17,5.17,5.16,5675.0,2933573.0,5.143,5.1436,
2026-03-03 10:48:00,5.17,5.17,5.17,5.16,3401.0,1758090.0,5.144,5.144,
2026-03-03 10:49:00,5.17,5.17,5.17,5.16,3164.0,1635707.0,5.144,5.1446000000000005,
2026-03-03 10:50:00,5.17,5.17,5.18,5.16,26713.0,13811944.0,5.145,5.1452,
2026-03-03 10:51:00,5.17,5.18,5.18,5.17,6078.0,3147490.0,5.145,5.1458,
2026-03-03 10:52:00,5.18,5.17,5.18,5.17,1727.0,894506.0,5.145,5.1464,
2026-03-03 10:53:00,5.17,5.18,5.18,5.17,9059.0,4692229.0,5.146,5.147200000000001,
2026-03-03 10:54:00,5.18,5.18,5.18,5.17,12634.0,6544218.0,5.147,5.1484000000000005,
2026-03-03 10:55:00,5.18,5.19,5.19,5.17,9114.0,4722126.0,5.147,5.1498,
2026-03-03 10:56:00,5.19,5.18,5.19,5.18,1244.0,645371.0,5.147,5.151,
2026-03-03 10:57:00,5.18,5.18,5.19,5.18,10593.0,5490036.0,5.148,5.1524,
2026-03-03 10:58:00,5.18,5.18,5.19,5.18,9387.0,4862516.0,5.148,5.1536,
2026-03-03 10:59:00,5.18,5.18,5.19,5.18,5585.0,2897344.0,5.149,5.1548,
2026-03-03 11:00:00,5.18,5.19,5.19,5.18,9428.0,4892325.0,5.149,5.156000000000001,
2026-03-03 11:01:00,5.19,5.19,5.19,5.18,14595.0,7574706.0,5.15,5.1572000000000005,
2026-03-03 11:02:00,5.19,5.2,5.2,5.19,8559.0,4443812.0,5.151,5.1584,
2026-03-03 11:03:00,5.2,5.2,5.2,5.19,3534.0,1836718.0,5.151,5.1596,
2026-03-03 11:04:00,5.2,5.2,5.21,5.19,38526.0,20032415.0,5.153,5.1610000000000005,
2026-03-03 11:05:00,5.2,5.2,5.21,5.19,4848.0,2520685.0,5.154,5.1624,
2026-03-03 11:06:00,5.2,5.19,5.2,5.19,1826.0,949387.0,5.154,5.1634,
2026-03-03 11:07:00,5.19,5.18,5.2,5.18,13148.0,6824642.0,5.155,5.1644000000000005,
2026-03-03 11:08:00,5.18,5.19,5.19,5.18,1040.0,539402.0,5.155,5.1655999999999995,
2026-03-03 11:09:00,5.19,5.18,5.19,5.18,947.0,490891.0,5.155,5.166399999999999,
2026-03-03 11:10:00,5.18,5.19,5.19,5.18,494.0,256252.0,5.155,5.1674,
2026-03-03 11:11:00,5.19,5.19,5.19,5.18,875.0,453959.0,5.155,5.1686000000000005,
2026-03-03 11:12:00,5.19,5.19,5.19,5.18,578.0,299938.0,5.155,5.1696,
2026-03-03 11:13:00,5.19,5.19,5.19,5.18,1368.0,709766.0,5.155,5.170800000000001,
2026-03-03 11:14:00,5.19,5.19,5.19,5.18,5736.0,2976959.0,5.155,5.171799999999999,
2026-03-03 11:15:00,5.19,5.19,5.19,5.18,1022.0,529513.0,5.155,5.1728,
2026-03-03 11:16:00,5.19,5.19,5.19,5.18,1227.0,635939.0,5.155,5.1739999999999995,
2026-03-03 11:17:00,5.19,5.18,5.19,5.18,1863.0,966706.0,5.155,5.1748,
2026-03-03 11:18:00,5.18,5.19,5.19,5.18,1321.0,685177.0,5.155,5.175800000000001,
2026-03-03 11:19:00,5.19,5.18,5.19,5.18,2102.0,1090580.0,5.155,5.1764,
2026-03-03 11:20:00,5.18,5.18,5.19,5.18,1653.0,856927.0,5.155,5.1772,
2026-03-03 11:21:00,5.18,5.18,5.19,5.18,819.0,424739.0,5.155,5.1777999999999995,
2026-03-03 11:22:00,5.18,5.19,5.19,5.18,3456.0,1792385.0,5.156,5.1784,
2026-03-03 11:23:00,5.19,5.19,5.19,5.18,781.0,405018.0,5.156,5.178999999999999,
2026-03-03 11:24:00,5.19,5.18,5.19,5.18,1617.0,837981.0,5.156,5.179399999999999,
2026-03-03 11:25:00,5.18,5.18,5.19,5.18,1094.0,567498.0,5.156,5.179600000000001,
2026-03-03 11:26:00,5.18,5.19,5.19,5.18,1968.0,1021272.0,5.156,5.18,
2026-03-03 11:27:00,5.19,5.2,5.2,5.18,17648.0,9160421.0,5.157,5.1808000000000005,
2026-03-03 11:28:00,5.2,5.19,5.2,5.19,6843.0,3552022.0,5.157,5.1814,
2026-03-03 11:29:00,5.19,5.19,5.2,5.19,1031.0,535656.0,5.157,5.182,
2026-03-03 11:30:00,5.19,5.19,5.2,5.19,2260.0,1175136.0,5.157,5.1826,
2026-03-03 13:01:00,5.19,5.22,5.22,5.19,65002.0,33840782.0,5.161,5.1836,
2026-03-03 13:02:00,5.22,5.22,5.22,5.21,9855.0,5143216.0,5.161,5.1848,
2026-03-03 13:03:00,5.22,5.22,5.22,5.21,4266.0,2226058.0,5.162,5.186,
2026-03-03 13:04:00,5.22,5.21,5.22,5.21,2852.0,1488028.0,5.162,5.187,
2026-03-03 13:05:00,5.21,5.21,5.22,5.21,3342.0,1743007.0,5.162,5.188,
2026-03-03 13:06:00,5.21,5.21,5.22,5.21,4791.0,2499486.0,5.162,5.189,
2026-03-03 13:07:00,5.21,5.22,5.22,5.21,6553.0,3417321.0,5.163,5.19,
2026-03-03 13:08:00,5.22,5.22,5.22,5.21,2078.0,1084219.0,5.163,5.191,
2026-03-03 13:09:00,5.22,5.21,5.22,5.21,2771.0,1445637.0,5.163,5.1918,
2026-03-03 13:10:00,5.21,5.22,5.22,5.21,18234.0,9516591.0,5.164,5.1928,
2026-03-03 13:11:00,5.22,5.22,5.23,5.21,11778.0,6148532.0,5.165,5.1936,
2026-03-03 13:12:00,5.22,5.22,5.23,5.22,2764.0,1443990.0,5.165,5.1946,
2026-03-03 13:13:00,5.22,5.23,5.23,5.22,5381.0,2813826.0,5.165,5.1956,
2026-03-03 13:14:00,5.23,5.23,5.23,5.22,6942.0,3629814.0,5.166,5.1966,
2026-03-03 13:15:00,5.23,5.23,5.23,5.22,5366.0,2806053.0,5.166,5.1974,
2026-03-03 13:16:00,5.23,5.22,5.23,5.22,3813.0,1992825.0,5.166,5.198200000000001,
2026-03-03 13:17:00,5.22,5.23,5.23,5.22,4688.0,2451438.0,5.167,5.199200000000001,
2026-03-03 13:18:00,5.23,5.22,5.23,5.22,3920.0,2049459.0,5.167,5.2,
2026-03-03 13:19:00,5.22,5.22,5.23,5.22,11241.0,5869417.0,5.168,5.2008,
2026-03-03 13:20:00,5.22,5.21,5.22,5.21,10645.0,5556660.0,5.168,5.2012,
2026-03-03 13:21:00,5.21,5.21,5.22,5.21,12388.0,6454691.0,5.169,5.2016,
2026-03-03 13:22:00,5.21,5.21,5.22,5.21,3331.0,1736807.0,5.169,5.2018,
2026-03-03 13:23:00,5.21,5.21,5.22,5.21,2727.0,1421571.0,5.169,5.202000000000001,
2026-03-03 13:24:00,5.21,5.22,5.22,5.21,2502.0,1305006.0,5.169,5.2024,
2026-03-03 13:25:00,5.22,5.22,5.22,5.21,2405.0,1254834.0,5.169,5.2028,
2026-03-03 13:26:00,5.22,5.23,5.23,5.21,14066.0,7344037.0,5.17,5.2036,
2026-03-03 13:27:00,5.23,5.23,5.23,5.22,4195.0,2192041.0,5.17,5.2046,
2026-03-03 13:28:00,5.23,5.23,5.23,5.22,18988.0,9930342.0,5.171,5.205400000000001,
2026-03-03 13:29:00,5.23,5.23,5.23,5.22,3020.0,1579404.0,5.171,5.2063999999999995,
2026-03-03 13:30:00,5.23,5.23,5.23,5.22,5327.0,2785244.0,5.172,5.2072,
2026-03-03 13:31:00,5.23,5.23,5.23,5.22,6450.0,3372939.0,5.172,5.208000000000001,
2026-03-03 13:32:00,5.23,5.24,5.24,5.23,4197.0,2198000.0,5.172,5.2090000000000005,
2026-03-03 13:33:00,5.24,5.23,5.24,5.23,5367.0,2811941.0,5.173,5.2098,
2026-03-03 13:34:00,5.23,5.24,5.24,5.23,4605.0,2412504.0,5.173,5.210800000000001,
2026-03-03 13:35:00,5.24,5.24,5.24,5.23,5619.0,2942518.0,5.173,5.211799999999999,
2026-03-03 13:36:00,5.24,5.23,5.24,5.23,9722.0,5092353.0,5.174,5.2126,
2026-03-03 13:37:00,5.23,5.24,5.24,5.23,9141.0,4787770.0,5.174,5.2138,
2026-03-03 13:38:00,5.24,5.24,5.24,5.23,9047.0,4737602.0,5.175,5.2148,
2026-03-03 13:39:00,5.24,5.23,5.24,5.23,7193.0,3766179.0,5.175,5.215800000000001,
2026-03-03 13:40:00,5.23,5.23,5.24,5.23,18277.0,9565832.0,5.176,5.216800000000001,
2026-03-03 13:41:00,5.23,5.23,5.24,5.23,17858.0,9345630.0,5.177,5.2177999999999995,
2026-03-03 13:42:00,5.23,5.24,5.24,5.23,8580.0,4494602.0,5.178,5.2188,
2026-03-03 13:43:00,5.24,5.24,5.24,5.23,14833.0,7764686.0,5.178,5.2198,
2026-03-03 13:44:00,5.24,5.24,5.24,5.23,3472.0,1818633.0,5.178,5.221,
2026-03-03 13:45:00,5.24,5.23,5.24,5.23,2896.0,1516660.0,5.179,5.222,
2026-03-03 13:46:00,5.23,5.24,5.24,5.23,19491.0,10210581.0,5.18,5.223,
2026-03-03 13:47:00,5.24,5.24,5.25,5.23,15812.0,8287397.0,5.18,5.2238,
2026-03-03 13:48:00,5.24,5.24,5.25,5.24,7034.0,3691627.0,5.181,5.2248,
2026-03-03 13:49:00,5.24,5.25,5.25,5.24,6945.0,3645739.0,5.181,5.226,
2026-03-03 13:50:00,5.25,5.24,5.24,5.23,15258.0,7993378.0,5.182,5.227,
2026-03-03 13:51:00,5.24,5.23,5.24,5.23,9427.0,4931322.0,5.182,5.2272,
2026-03-03 13:52:00,5.23,5.24,5.24,5.22,12684.0,6632837.0,5.183,5.2276,
2026-03-03 13:53:00,5.24,5.24,5.24,5.23,6436.0,3369717.0,5.183,5.228,
2026-03-03 13:54:00,5.24,5.23,5.24,5.23,8148.0,4267094.0,5.183,5.228400000000001,
2026-03-03 13:55:00,5.23,5.23,5.24,5.23,12036.0,6305003.0,5.184,5.2288000000000014,
2026-03-03 13:56:00,5.23,5.24,5.24,5.23,2427.0,1270720.0,5.184,5.229400000000001,
2026-03-03 13:57:00,5.24,5.23,5.24,5.23,3206.0,1677373.0,5.184,5.2296000000000005,
2026-03-03 13:58:00,5.23,5.23,5.24,5.23,2380.0,1245568.0,5.184,5.2298,
2026-03-03 13:59:00,5.23,5.24,5.24,5.23,5415.0,2835509.0,5.184,5.2304,
2026-03-03 14:00:00,5.24,5.23,5.23,5.22,15253.0,7977101.0,5.185,5.230599999999999,
2026-03-03 14:01:00,5.23,5.23,5.23,5.22,1656.0,865772.0,5.185,5.2308,
2026-03-03 14:02:00,5.23,5.22,5.23,5.22,2922.0,1525851.0,5.185,5.2308,
2026-03-03 14:03:00,5.22,5.22,5.23,5.22,1120.0,585011.0,5.185,5.230600000000001,
2026-03-03 14:04:00,5.22,5.22,5.23,5.22,34055.0,17777041.0,5.186,5.2304,
2026-03-03 14:05:00,5.22,5.22,5.23,5.22,10414.0,5436768.0,5.186,5.2302,
2026-03-03 14:06:00,5.22,5.21,5.22,5.21,9503.0,4960498.0,5.186,5.230000000000001,
2026-03-03 14:07:00,5.21,5.22,5.22,5.21,1135.0,591802.0,5.186,5.2298,
2026-03-03 14:08:00,5.22,5.21,5.22,5.21,2473.0,1290155.0,5.186,5.2296,
2026-03-03 14:09:00,5.21,5.2,5.22,5.2,35902.0,18686422.0,5.187,5.2292000000000005,
2026-03-03 14:10:00,5.2,5.2,5.21,5.19,10156.0,5278156.0,5.187,5.229000000000001,
2026-03-03 14:11:00,5.2,5.19,5.2,5.19,5105.0,2651301.0,5.187,5.2286,
2026-03-03 14:12:00,5.19,5.19,5.2,5.19,6716.0,3488820.0,5.187,5.2282,
2026-03-03 14:13:00,5.19,5.2,5.2,5.19,3021.0,1569501.0,5.187,5.228,
2026-03-03 14:14:00,5.2,5.19,5.2,5.19,1179.0,612620.0,5.187,5.2274,
2026-03-03 14:15:00,5.19,5.2,5.2,5.19,2341.0,1215405.0,5.187,5.226999999999999,
2026-03-03 14:16:00,5.2,5.19,5.2,5.19,4310.0,2238391.0,5.187,5.2262,
2026-03-03 14:17:00,5.19,5.19,5.2,5.19,25142.0,13049723.0,5.187,5.2254,
2026-03-03 14:18:00,5.19,5.19,5.2,5.19,14692.0,7626367.0,5.187,5.224600000000001,
2026-03-03 14:19:00,5.19,5.19,5.2,5.19,1023.0,531187.0,5.187,5.223800000000001,
2026-03-03 14:20:00,5.19,5.2,5.2,5.19,7442.0,3869441.0,5.187,5.2232,
2026-03-03 14:21:00,5.2,5.2,5.2,5.19,1703.0,884463.0,5.187,5.2226,
2026-03-03 14:22:00,5.2,5.2,5.2,5.19,3857.0,2003841.0,5.187,5.221800000000001,
2026-03-03 14:23:00,5.2,5.19,5.2,5.19,5366.0,2785903.0,5.187,5.221,
2026-03-03 14:24:00,5.19,5.19,5.2,5.18,9957.0,5165805.0,5.187,5.22,
2026-03-03 14:25:00,5.19,5.19,5.19,5.18,985.0,510396.0,5.187,5.218999999999999,
2026-03-03 14:26:00,5.19,5.18,5.19,5.18,2581.0,1337242.0,5.187,5.218000000000001,
2026-03-03 14:27:00,5.18,5.19,5.19,5.18,4316.0,2236222.0,5.187,5.2170000000000005,
2026-03-03 14:28:00,5.19,5.2,5.2,5.18,10123.0,5252794.0,5.187,5.2162,
2026-03-03 14:29:00,5.2,5.2,5.2,5.19,10710.0,5568249.0,5.187,5.2156,
2026-03-03 14:30:00,5.2,5.21,5.21,5.19,3085.0,1604298.0,5.187,5.215199999999999,
2026-03-03 14:31:00,5.21,5.19,5.21,5.19,5404.0,2809712.0,5.187,5.2144,
2026-03-03 14:32:00,5.19,5.2,5.2,5.19,6863.0,3568366.0,5.187,5.2136000000000005,
2026-03-03 14:33:00,5.2,5.2,5.2,5.19,2997.0,1556156.0,5.187,5.2128,
2026-03-03 14:34:00,5.2,5.19,5.2,5.19,8199.0,4255694.0,5.188,5.211799999999999,
2026-03-03 14:35:00,5.19,5.19,5.2,5.19,3117.0,1619115.0,5.188,5.211,
2026-03-03 14:36:00,5.19,5.19,5.2,5.19,2151.0,1117343.0,5.188,5.21,
2026-03-03 14:37:00,5.19,5.19,5.2,5.18,9559.0,4960794.0,5.188,5.2090000000000005,
2026-03-03 14:38:00,5.19,5.18,5.19,5.18,2568.0,1331683.0,5.188,5.2078,5.18865
2026-03-03 14:39:00,5.18,5.19,5.19,5.18,660.0,342280.0,5.188,5.206600000000001,5.1888499999999995
2026-03-03 14:40:00,5.19,5.19,5.19,5.18,3166.0,1641072.0,5.188,5.2056000000000004,5.189100000000001
2026-03-03 14:41:00,5.19,5.18,5.19,5.17,37549.0,19440370.0,5.187,5.2046,5.1892499999999995
2026-03-03 14:42:00,5.18,5.19,5.19,5.18,11161.0,5781822.0,5.187,5.2036,5.189500000000001
2026-03-03 14:43:00,5.19,5.19,5.19,5.18,1022.0,530123.0,5.187,5.2026,5.1897
2026-03-03 14:44:00,5.19,5.19,5.19,5.18,2588.0,1342611.0,5.187,5.2018,5.189950000000001
2026-03-03 14:45:00,5.19,5.18,5.19,5.18,2414.0,1251441.0,5.187,5.2008,5.19015
2026-03-03 14:46:00,5.18,5.19,5.19,5.18,2578.0,1337356.0,5.187,5.1998,5.19035
2026-03-03 14:47:00,5.19,5.2,5.2,5.19,12101.0,6281757.0,5.187,5.199200000000001,5.190600000000001
2026-03-03 14:48:00,5.2,5.19,5.2,5.19,11688.0,6064824.0,5.187,5.1984,5.1908
2026-03-03 14:49:00,5.19,5.18,5.19,5.18,2535.0,1313753.0,5.187,5.1972000000000005,5.191
2026-03-03 14:50:00,5.18,5.18,5.19,5.18,20388.0,10563639.0,5.187,5.1962,5.1912
2026-03-03 14:51:00,5.18,5.18,5.19,5.17,13402.0,6942188.0,5.187,5.1952,5.19135
2026-03-03 14:52:00,5.18,5.18,5.18,5.17,6238.0,3227263.0,5.187,5.194400000000001,5.191549999999999
2026-03-03 14:53:00,5.18,5.17,5.18,5.17,3781.0,1956657.0,5.187,5.1934000000000005,5.1917
2026-03-03 14:54:00,5.17,5.19,5.19,5.17,9278.0,4806540.0,5.187,5.192800000000001,5.19205
2026-03-03 14:55:00,5.19,5.18,5.19,5.17,9822.0,5087782.0,5.187,5.192,5.19235
2026-03-03 14:56:00,5.18,5.18,5.19,5.17,8050.0,4169925.0,5.187,5.1914,5.1926499999999995
2026-03-03 14:57:00,5.18,5.19,5.19,5.18,8079.0,4188735.0,5.187,5.1908,5.1930499999999995
2026-03-03 14:58:00,5.19,5.19,5.19,5.19,904.0,469176.0,5.187,5.1903999999999995,5.1934000000000005
2026-03-03 14:59:00,5.19,5.19,5.19,5.19,0.0,0.0,5.187,5.1902,5.19375
2026-03-03 15:00:00,5.19,5.19,5.19,5.19,8595.0,4460675.0,5.187,5.19,5.19405
2026-03-04 09:30:00,5.19,5.16,5.16,5.16,11851.0,6115116.0,5.16,5.189400000000001,5.1941999999999995
2026-03-04 09:31:00,5.16,5.11,5.17,5.1,67209.0,34542939.0,5.143,5.187799999999999,5.19405
2026-03-04 09:32:00,5.11,5.05,5.11,5.04,50502.0,25621308.0,5.116,5.1848,5.1936
2026-03-04 09:33:00,5.05,5.04,5.06,5.02,62706.0,31632960.0,5.093,5.181800000000001,5.19315
2026-03-04 09:34:00,5.04,5.04,5.04,5.02,45571.0,22916253.0,5.08,5.1786,5.192699999999999
2026-03-04 09:35:00,5.04,5.04,5.05,5.03,31590.0,15902286.0,5.075,5.1756,5.192200000000001
2026-03-04 09:36:00,5.04,5.04,5.05,5.03,29377.0,14803367.0,5.071,5.1726,5.19175
2026-03-04 09:37:00,5.04,5.05,5.05,5.03,21237.0,10706027.0,5.069,5.1698,5.19135
2026-03-04 09:38:00,5.05,5.04,5.05,5.04,21571.0,10872582.0,5.068,5.1668,5.19085
2026-03-04 09:39:00,5.04,5.04,5.04,5.03,19696.0,9914461.0,5.066,5.1636,5.1903500000000005
2026-03-04 09:40:00,5.04,5.05,5.07,5.03,39147.0,19768435.0,5.064,5.1606000000000005,5.18995
2026-03-04 09:41:00,5.05,5.04,5.05,5.04,11091.0,5595329.0,5.064,5.1574,5.189449999999999
2026-03-04 09:42:00,5.04,5.04,5.05,5.03,44379.0,22369148.0,5.061,5.154400000000001,5.189
2026-03-04 09:43:00,5.04,5.04,5.05,5.04,16138.0,8136536.0,5.061,5.1514,5.1884999999999994
2026-03-04 09:44:00,5.04,5.03,5.04,5.03,15933.0,8017286.0,5.06,5.148199999999999,5.187950000000001
2026-03-04 09:45:00,5.03,5.02,5.03,5.02,51269.0,25774907.0,5.057,5.145,5.1874
2026-03-04 09:46:00,5.02,5.02,5.03,5.01,46573.0,23380761.0,5.054,5.1416,5.186800000000001
2026-03-04 09:47:00,5.02,5.01,5.02,5.01,18407.0,9228847.0,5.053,5.1377999999999995,5.1861500000000005
2026-03-04 09:48:00,5.01,5.02,5.02,5.01,9820.0,4923738.0,5.052,5.134200000000001,5.185500000000001
2026-03-04 09:49:00,5.02,5.02,5.02,5.01,14553.0,7299626.0,5.051,5.1304,5.1849
2026-03-04 09:50:00,5.02,5.02,5.03,5.01,13422.0,6738987.0,5.051,5.127000000000001,5.18425
2026-03-04 09:51:00,5.02,5.02,5.03,5.02,10145.0,5098548.0,5.05,5.1234,5.18355
2026-03-04 09:52:00,5.02,5.04,5.04,5.03,9958.0,5009563.0,5.05,5.1202,5.18295
2026-03-04 09:53:00,5.04,5.03,5.04,5.03,7262.0,3654217.0,5.05,5.117,5.182300000000001
2026-03-04 09:54:00,5.03,5.04,5.04,5.02,20455.0,10287247.0,5.049,5.114,5.181650000000001
2026-03-04 09:55:00,5.04,5.03,5.04,5.02,24102.0,12123202.0,5.048,5.1108,5.18095
2026-03-04 09:56:00,5.03,5.03,5.03,5.02,6454.0,3242757.0,5.048,5.1076,5.180300000000001
2026-03-04 09:57:00,5.03,5.03,5.03,5.02,5644.0,2837666.0,5.048,5.1046,5.1796500000000005
2026-03-04 09:58:00,5.03,5.04,5.04,5.02,7896.0,3971421.0,5.048,5.1016,5.17905
2026-03-04 09:59:00,5.04,5.05,5.05,5.04,4412.0,2224985.0,5.048,5.0988,5.1785000000000005
2026-03-04 10:00:00,5.05,5.06,5.06,5.05,4777.0,2412999.0,5.048,5.0964,5.177950000000001
2026-03-04 10:01:00,5.06,5.05,5.06,5.04,6311.0,3187088.0,5.048,5.0936,5.1774000000000004
2026-03-04 10:02:00,5.05,5.05,5.06,5.05,945.0,477413.0,5.048,5.0908,5.176850000000001
2026-03-04 10:03:00,5.05,5.07,5.07,5.05,9134.0,4622434.0,5.048,5.0884,5.1764
2026-03-04 10:04:00,5.07,5.06,5.07,5.06,2066.0,1046477.0,5.048,5.086,5.1758999999999995
2026-03-04 10:05:00,5.06,5.05,5.07,5.05,6725.0,3402961.0,5.048,5.0832,5.175350000000001
2026-03-04 10:06:00,5.05,5.05,5.06,5.05,2306.0,1166412.0,5.048,5.0802000000000005,5.17475
2026-03-04 10:07:00,5.05,5.05,5.06,5.05,4131.0,2086715.0,5.048,5.0774,5.17415
2026-03-04 10:08:00,5.05,5.06,5.06,5.05,2330.0,1177222.0,5.048,5.075,5.1736
2026-03-04 10:09:00,5.06,5.06,5.06,5.05,1300.0,656829.0,5.048,5.0725999999999996,5.173050000000001
2026-03-04 10:10:00,5.06,5.04,5.06,5.04,16257.0,8208480.0,5.048,5.0698,5.17235
2026-03-04 10:11:00,5.04,5.04,5.05,5.03,11437.0,5764686.0,5.048,5.067,5.1717
2026-03-04 10:12:00,5.04,5.03,5.04,5.03,1738.0,875281.0,5.048,5.0642000000000005,5.17095
2026-03-04 10:13:00,5.03,5.03,5.04,5.03,7259.0,3657154.0,5.048,5.061,5.1701999999999995
2026-03-04 10:14:00,5.03,5.04,5.04,5.03,1708.0,860812.0,5.048,5.0582,5.169449999999999
2026-03-04 10:15:00,5.04,5.03,5.04,5.03,3994.0,2012697.0,5.048,5.0552,5.1687
2026-03-04 10:16:00,5.03,5.04,5.04,5.03,3440.0,1733452.0,5.048,5.0522,5.168000000000001
2026-03-04 10:17:00,5.04,5.04,5.04,5.03,1895.0,954790.0,5.048,5.0492,5.1673
2026-03-04 10:18:00,5.04,5.03,5.04,5.03,5800.0,2920976.0,5.048,5.045999999999999,5.166550000000001
2026-03-04 10:19:00,5.03,5.04,5.04,5.03,2578.0,1298897.0,5.048,5.043,5.165800000000001
2026-03-04 10:20:00,5.04,5.03,5.04,5.03,9250.0,4661133.0,5.048,5.0404,5.165
2026-03-04 10:21:00,5.03,5.04,5.05,5.03,3665.0,1845643.0,5.048,5.039,5.164199999999999
2026-03-04 10:22:00,5.04,5.03,5.04,5.03,3124.0,1572088.0,5.048,5.0386,5.163349999999999
2026-03-04 10:23:00,5.03,5.03,5.04,5.03,11401.0,5735874.0,5.047,5.038399999999999,5.1625
2026-03-04 10:24:00,5.03,5.04,5.04,5.03,1030.0,518810.0,5.047,5.038399999999999,5.161700000000001
2026-03-04 10:25:00,5.04,5.04,5.04,5.03,2426.0,1221716.0,5.047,5.038399999999999,5.160950000000001
2026-03-04 10:26:00,5.04,5.03,5.04,5.03,7977.0,4019010.0,5.047,5.0382,5.1602
2026-03-04 10:27:00,5.03,5.04,5.04,5.03,1853.0,933243.0,5.047,5.038,5.1594500000000005
2026-03-04 10:28:00,5.04,5.03,5.04,5.03,1315.0,661796.0,5.047,5.037800000000001,5.1587
2026-03-04 10:29:00,5.03,5.04,5.04,5.03,4127.0,2079000.0,5.047,5.037800000000001,5.15795
2026-03-04 10:30:00,5.04,5.03,5.04,5.03,4152.0,2089850.0,5.047,5.0374,5.157149999999999
2026-03-04 10:31:00,5.03,5.03,5.04,5.03,3757.0,1891223.0,5.047,5.0372,5.156350000000001
2026-03-04 10:32:00,5.03,5.04,5.04,5.03,26093.0,13125158.0,5.047,5.0371999999999995,5.155600000000001
2026-03-04 10:33:00,5.04,5.05,5.05,5.03,13348.0,6726537.0,5.046,5.0374,5.1549000000000005
2026-03-04 10:34:00,5.05,5.05,5.05,5.04,4994.0,2521249.0,5.046,5.0378,5.1541999999999994
2026-03-04 10:35:00,5.05,5.04,5.05,5.03,3986.0,2009187.0,5.046,5.0382,5.15345
2026-03-04 10:36:00,5.04,5.03,5.04,5.03,1493.0,752318.0,5.046,5.0384,5.152699999999999
2026-03-04 10:37:00,5.03,5.04,5.04,5.03,3866.0,1945282.0,5.046,5.039000000000001,5.15195
2026-03-04 10:38:00,5.04,5.03,5.04,5.03,385.0,193764.0,5.046,5.0392,5.1512
2026-03-04 10:39:00,5.03,5.04,5.04,5.03,1025.0,515849.0,5.046,5.0396,5.150500000000001
2026-03-04 10:40:00,5.04,5.03,5.04,5.03,4263.0,2144806.0,5.046,5.0398000000000005,5.14975
2026-03-04 10:41:00,5.03,5.05,5.05,5.03,12718.0,6410949.0,5.046,5.0404,5.14905
2026-03-04 10:42:00,5.05,5.05,5.05,5.04,5865.0,2957159.0,5.046,5.0406,5.148349999999999
2026-03-04 10:43:00,5.05,5.04,5.05,5.04,2075.0,1046121.0,5.046,5.040800000000001,5.147650000000001
2026-03-04 10:44:00,5.04,5.04,5.05,5.04,5223.0,2632832.0,5.046,5.0408,5.14695
2026-03-04 10:45:00,5.04,5.04,5.05,5.04,3575.0,1801828.0,5.046,5.041,5.1462
2026-03-04 10:46:00,5.04,5.03,5.04,5.03,4324.0,2175052.0,5.046,5.041,5.14535
2026-03-04 10:47:00,5.03,5.03,5.03,5.02,8476.0,4262936.0,5.046,5.041,5.144550000000001
2026-03-04 10:48:00,5.03,5.02,5.03,5.02,2020.0,1015522.0,5.046,5.0406,5.1437
2026-03-04 10:49:00,5.02,5.03,5.04,5.03,3227.0,1623092.0,5.046,5.0402000000000005,5.1429
2026-03-04 10:50:00,5.03,5.03,5.04,5.03,469.0,236136.0,5.046,5.0396,5.14195
2026-03-04 10:51:00,5.03,5.04,5.04,5.03,2283.0,1150403.0,5.046,5.0394,5.14105
2026-03-04 10:52:00,5.04,5.03,5.04,5.03,896.0,451357.0,5.046,5.039000000000001,5.1401
2026-03-04 10:53:00,5.03,5.04,5.04,5.03,680.0,342110.0,5.046,5.038399999999999,5.13925
2026-03-04 10:54:00,5.04,5.03,5.03,5.03,1566.0,787724.0,5.046,5.0378,5.13835
2026-03-04 10:55:00,5.03,5.04,5.04,5.03,670.0,337142.0,5.046,5.0376,5.1375
2026-03-04 10:56:00,5.04,5.04,5.04,5.03,1711.0,860836.0,5.046,5.0374,5.1366
2026-03-04 10:57:00,5.04,5.03,5.04,5.03,2681.0,1348820.0,5.046,5.037000000000001,5.135649999999999
2026-03-04 10:58:00,5.03,5.03,5.04,5.03,4454.0,2240800.0,5.046,5.0364,5.13475
2026-03-04 10:59:00,5.03,5.03,5.04,5.02,9295.0,4673804.0,5.045,5.0358,5.1338
2026-03-04 11:00:00,5.03,5.02,5.03,5.02,4245.0,2131519.0,5.045,5.0354,5.1328
2026-03-04 11:01:00,5.02,5.03,5.03,5.02,535.0,268843.0,5.045,5.0352,5.131849999999999
2026-03-04 11:02:00,5.03,5.03,5.03,5.03,2249.0,1129590.0,5.045,5.0352,5.130850000000001
2026-03-04 11:03:00,5.03,5.02,5.03,5.02,681.0,342431.0,5.045,5.035,5.1298
2026-03-04 11:04:00,5.02,5.02,5.03,5.02,4412.0,2214874.0,5.045,5.0346,5.12875
2026-03-04 11:05:00,5.02,5.02,5.03,5.01,29348.0,14731982.0,5.044,5.0344,5.12775
2026-03-04 11:06:00,5.02,5.02,5.02,5.02,2934.0,1472454.0,5.044,5.034000000000001,5.1267
2026-03-04 11:07:00,5.02,5.01,5.02,5.01,1525.0,765017.0,5.044,5.0334,5.125649999999999
2026-03-04 11:08:00,5.01,5.02,5.02,5.01,1140.0,571883.0,5.044,5.033200000000001,5.12465
2026-03-04 11:09:00,5.02,5.01,5.02,5.01,4449.0,2229980.0,5.044,5.0325999999999995,5.1236500000000005
2026-03-04 11:10:00,5.01,5.02,5.02,5.01,9425.0,4723276.0,5.044,5.0324,5.1227
2026-03-04 11:11:00,5.02,5.01,5.02,5.01,11770.0,5897099.0,5.044,5.0318000000000005,5.121700000000001
2026-03-04 11:12:00,5.01,5.01,5.02,5.01,1762.0,883645.0,5.044,5.0314,5.1207
2026-03-04 11:13:00,5.01,5.01,5.02,5.01,3308.0,1657643.0,5.043,5.031,5.11965
2026-03-04 11:14:00,5.01,5.01,5.02,5.01,1761.0,882673.0,5.043,5.0304,5.1186
2026-03-04 11:15:00,5.01,5.01,5.02,5.01,1422.0,712781.0,5.043,5.0298,5.117500000000001
2026-03-04 11:16:00,5.01,5.02,5.02,5.01,3906.0,1960205.0,5.043,5.0296,5.11645
2026-03-04 11:17:00,5.02,5.01,5.02,5.01,6598.0,3308404.0,5.043,5.029,5.11535
2026-03-04 11:18:00,5.01,5.02,5.02,5.01,2070.0,1038333.0,5.043,5.0288,5.1143
2026-03-04 11:19:00,5.02,5.02,5.02,5.01,5451.0,2736165.0,5.043,5.0283999999999995,5.11325
2026-03-04 11:20:00,5.02,5.02,5.03,5.01,4931.0,2475400.0,5.043,5.0282,5.1122
2026-03-04 11:21:00,5.02,5.02,5.03,5.02,1422.0,713922.0,5.043,5.0280000000000005,5.1110999999999995
2026-03-04 11:22:00,5.02,5.02,5.03,5.02,1301.0,654228.0,5.043,5.0276,5.11005
2026-03-04 11:23:00,5.02,5.03,5.03,5.02,5174.0,2597821.0,5.043,5.0272,5.109
2026-03-04 11:24:00,5.03,5.03,5.03,5.01,4400.0,2208393.0,5.043,5.0268,5.10795
2026-03-04 11:25:00,5.03,5.02,5.02,5.01,1791.0,898771.0,5.043,5.0264,5.1068999999999996
2026-03-04 11:26:00,5.02,5.02,5.02,5.01,738.0,370341.0,5.043,5.026199999999999,5.1057999999999995
2026-03-04 11:27:00,5.02,5.03,5.03,5.01,2387.0,1198078.0,5.042,5.026,5.10475
2026-03-04 11:28:00,5.03,5.02,5.03,5.02,643.0,322826.0,5.042,5.0258,5.1037
2026-03-04 11:29:00,5.02,5.02,5.03,5.02,1261.0,633125.0,5.042,5.0254,5.10265
2026-03-04 11:30:00,5.02,5.02,5.03,5.01,1637.0,821633.0,5.042,5.0252,5.1016
2026-03-04 13:01:00,5.02,5.02,5.03,5.01,10137.0,5088069.0,5.042,5.0245999999999995,5.1005
2026-03-04 13:02:00,5.02,5.03,5.03,5.01,6719.0,3373598.0,5.042,5.0242,5.09945
2026-03-04 13:03:00,5.03,5.02,5.03,5.02,1413.0,710609.0,5.042,5.0238,5.09835
2026-03-04 13:04:00,5.02,5.02,5.03,5.02,911.0,457885.0,5.042,5.0234,5.097300000000001
2026-03-04 13:05:00,5.02,5.01,5.02,5.01,4323.0,2169915.0,5.042,5.0228,5.09615
2026-03-04 13:06:00,5.01,5.02,5.02,5.01,707.0,354283.0,5.042,5.0226,5.09505
2026-03-04 13:07:00,5.02,5.02,5.02,5.01,3794.0,1902550.0,5.042,5.0224,5.0939499999999995
2026-03-04 13:08:00,5.02,5.02,5.03,5.01,6080.0,3052053.0,5.042,5.022399999999999,5.0927999999999995
2026-03-04 13:09:00,5.02,5.02,5.03,5.02,4490.0,2254415.0,5.042,5.0222,5.0916999999999994
2026-03-04 13:10:00,5.02,5.02,5.02,5.01,3146.0,1579232.0,5.042,5.021999999999999,5.09065
2026-03-04 13:11:00,5.02,5.01,5.02,5.01,1829.0,918060.0,5.042,5.0214,5.0895
2026-03-04 13:12:00,5.01,5.01,5.02,5.01,3779.0,1895177.0,5.041,5.021,5.08835
2026-03-04 13:13:00,5.01,5.01,5.02,5.01,803.0,402733.0,5.041,5.0203999999999995,5.08725
2026-03-04 13:14:00,5.01,5.02,5.02,5.01,901.0,451940.0,5.041,5.0202,5.0862
2026-03-04 13:15:00,5.02,5.02,5.02,5.01,4615.0,2312444.0,5.041,5.0198,5.0851
2026-03-04 13:16:00,5.02,5.01,5.02,5.01,3029.0,1520074.0,5.041,5.0192,5.084
2026-03-04 13:17:00,5.01,5.02,5.02,5.01,855.0,429003.0,5.041,5.019,5.082949999999999
2026-03-04 13:18:00,5.02,5.02,5.03,5.02,4760.0,2389447.0,5.041,5.0188,5.08185
2026-03-04 13:19:00,5.02,5.03,5.03,5.02,741.0,372496.0,5.041,5.0188,5.080850000000001
2026-03-04 13:20:00,5.03,5.04,5.04,5.02,8596.0,4323788.0,5.041,5.0192,5.0799
2026-03-04 13:21:00,5.04,5.04,5.04,5.03,1228.0,618872.0,5.041,5.0194,5.079
2026-03-04 13:22:00,5.04,5.03,5.04,5.03,4523.0,2275640.0,5.041,5.0194,5.07805
2026-03-04 13:23:00,5.03,5.03,5.03,5.02,1221.0,614117.0,5.041,5.0196,5.0771
2026-03-04 13:24:00,5.03,5.03,5.03,5.02,306.0,153655.0,5.041,5.0198,5.07615
2026-03-04 13:25:00,5.03,5.03,5.03,5.02,394.0,197955.0,5.041,5.02,5.07525
2026-03-04 13:26:00,5.03,5.03,5.03,5.02,2568.0,1291330.0,5.041,5.0202,5.0743
2026-03-04 13:27:00,5.03,5.03,5.04,5.02,2677.0,1346288.0,5.041,5.0206,5.0734
2026-03-04 13:28:00,5.03,5.04,5.04,5.03,259.0,130345.0,5.041,5.021,5.0725999999999996
2026-03-04 13:29:00,5.04,5.03,5.04,5.03,611.0,307481.0,5.041,5.0214,5.07175
2026-03-04 13:30:00,5.03,5.04,5.04,5.03,705.0,354784.0,5.041,5.0218,5.071000000000001
2026-03-04 13:31:00,5.04,5.03,5.04,5.03,1445.0,727239.0,5.041,5.0222,5.0702
2026-03-04 13:32:00,5.03,5.04,5.04,5.03,1363.0,686792.0,5.041,5.0228,5.0694
2026-03-04 13:33:00,5.04,5.03,5.04,5.03,914.0,460496.0,5.041,5.0232,5.0686
2026-03-04 13:34:00,5.03,5.03,5.04,5.03,406.0,204447.0,5.041,5.023599999999999,5.06775
2026-03-04 13:35:00,5.03,5.04,5.04,5.03,6826.0,3440045.0,5.041,5.0242,5.067
2026-03-04 13:36:00,5.04,5.04,5.04,5.03,788.0,396970.0,5.041,5.0245999999999995,5.06625
2026-03-04 13:37:00,5.04,5.04,5.04,5.03,677.0,341036.0,5.041,5.0252,5.0655
2026-03-04 13:38:00,5.04,5.03,5.04,5.03,1369.0,689165.0,5.041,5.025399999999999,5.064699999999999
2026-03-04 13:39:00,5.03,5.04,5.04,5.03,4560.0,2297920.0,5.041,5.0258,5.0639
2026-03-04 13:40:00,5.04,5.03,5.04,5.03,1278.0,643838.0,5.041,5.026,5.0630500000000005
2026-03-04 13:41:00,5.03,5.04,5.04,5.03,519.0,261321.0,5.041,5.0264,5.062250000000001
2026-03-04 13:42:00,5.04,5.03,5.04,5.03,627.0,315593.0,5.041,5.0266,5.06145
2026-03-04 13:43:00,5.03,5.04,5.04,5.03,1595.0,802989.0,5.041,5.0268,5.0607
2026-03-04 13:44:00,5.04,5.04,5.04,5.03,1408.0,709257.0,5.041,5.027,5.05995
2026-03-04 13:45:00,5.04,5.04,5.04,5.03,1066.0,536853.0,5.041,5.027399999999999,5.0592500000000005
2026-03-04 13:46:00,5.04,5.04,5.04,5.03,3566.0,1794238.0,5.041,5.0278,5.0584999999999996
2026-03-04 13:47:00,5.04,5.03,5.04,5.03,2160.0,1086817.0,5.041,5.0278,5.057650000000001
2026-03-04 13:48:00,5.03,5.03,5.04,5.03,1647.0,828539.0,5.041,5.0280000000000005,5.0568
2026-03-04 13:49:00,5.03,5.03,5.04,5.03,1283.0,645460.0,5.041,5.0282,5.055899999999999
2026-03-04 13:50:00,5.03,5.04,5.04,5.03,1287.0,647594.0,5.041,5.0286,5.05515
2026-03-04 13:51:00,5.04,5.04,5.04,5.02,3295.0,1657654.0,5.041,5.029,5.05435
2026-03-04 13:52:00,5.04,5.03,5.04,5.03,232.0,116845.0,5.041,5.029,5.0535000000000005
2026-03-04 13:53:00,5.03,5.04,5.04,5.03,740.0,372872.0,5.041,5.0294,5.05275
2026-03-04 13:54:00,5.04,5.04,5.04,5.03,1359.0,683760.0,5.041,5.0298,5.052
2026-03-04 13:55:00,5.04,5.04,5.04,5.03,488.0,245556.0,5.041,5.0304,5.05125
2026-03-04 13:56:00,5.04,5.04,5.04,5.03,682.0,343180.0,5.041,5.0308,5.0504999999999995
2026-03-04 13:57:00,5.04,5.04,5.04,5.03,604.0,303947.0,5.041,5.0312,5.0498
2026-03-04 13:58:00,5.04,5.04,5.04,5.03,1293.0,650844.0,5.041,5.0316,5.049049999999999
2026-03-04 13:59:00,5.04,5.03,5.04,5.03,409.0,205766.0,5.041,5.0318000000000005,5.0482499999999995
2026-03-04 14:00:00,5.03,5.04,5.04,5.03,1653.0,831821.0,5.041,5.0322000000000005,5.04755
2026-03-04 14:01:00,5.04,5.05,5.05,5.04,10542.0,5313395.0,5.041,5.033,5.04685
2026-03-04 14:02:00,5.05,5.05,5.05,5.04,4718.0,2378144.0,5.041,5.0338,5.04615
2026-03-04 14:03:00,5.05,5.04,5.05,5.04,975.0,491493.0,5.041,5.034400000000001,5.0454
2026-03-04 14:04:00,5.04,5.04,5.05,5.04,2088.0,1052505.0,5.041,5.034800000000001,5.044700000000001
2026-03-04 14:05:00,5.04,5.04,5.05,5.04,2170.0,1093837.0,5.041,5.0352,5.04395
2026-03-04 14:06:00,5.04,5.04,5.05,5.04,2718.0,1369820.0,5.041,5.0358,5.04315
2026-03-04 14:07:00,5.04,5.05,5.05,5.04,175.0,88302.0,5.041,5.0363999999999995,5.04245
2026-03-04 14:08:00,5.05,5.04,5.05,5.04,196.0,98847.0,5.041,5.0368,5.0417499999999995
2026-03-04 14:09:00,5.04,5.05,5.05,5.04,372.0,187601.0,5.041,5.0372,5.0411
2026-03-04 14:10:00,5.05,5.04,5.05,5.04,485.0,244577.0,5.041,5.0372,5.0404
2026-03-04 14:11:00,5.04,5.04,5.05,5.04,3054.0,1539363.0,5.041,5.0371999999999995,5.0397
2026-03-04 14:12:00,5.04,5.05,5.05,5.04,557.0,280855.0,5.041,5.0376,5.0391
2026-03-04 14:13:00,5.05,5.04,5.05,5.04,656.0,330731.0,5.041,5.0378,5.038349999999999
2026-03-04 14:14:00,5.04,5.04,5.05,5.04,505.0,254698.0,5.041,5.038,5.03765
2026-03-04 14:15:00,5.04,5.04,5.05,5.04,553.0,278852.0,5.041,5.0382,5.03695
2026-03-04 14:16:00,5.04,5.04,5.05,5.04,1866.0,940501.0,5.041,5.038399999999999,5.0362
2026-03-04 14:17:00,5.04,5.04,5.05,5.04,1165.0,587278.0,5.041,5.0386,5.03545
2026-03-04 14:18:00,5.04,5.04,5.05,5.04,493.0,248510.0,5.041,5.0386,5.0347
2026-03-04 14:19:00,5.04,5.04,5.05,5.04,1029.0,518761.0,5.041,5.0388,5.03395
2026-03-04 14:20:00,5.04,5.04,5.05,5.04,573.0,288930.0,5.041,5.0388,5.0333499999999995
2026-03-04 14:21:00,5.04,5.05,5.05,5.04,653.0,329544.0,5.041,5.0392,5.03305
2026-03-04 14:22:00,5.05,5.05,5.05,5.04,574.0,289349.0,5.041,5.0394,5.03305
2026-03-04 14:23:00,5.05,5.04,5.05,5.04,388.0,195721.0,5.041,5.0396,5.033049999999999
2026-03-04 14:24:00,5.04,5.05,5.05,5.04,707.0,356396.0,5.041,5.04,5.0331
2026-03-04 14:25:00,5.05,5.04,5.05,5.04,7523.0,3791685.0,5.041,5.04,5.0331
2026-03-04 14:26:00,5.04,5.04,5.05,5.04,812.0,409257.0,5.041,5.04,5.033099999999999
2026-03-04 14:27:00,5.04,5.05,5.05,5.04,716.0,360993.0,5.041,5.0402,5.0331
2026-03-04 14:28:00,5.05,5.04,5.05,5.04,7757.0,3909654.0,5.041,5.0404,5.0331
2026-03-04 14:29:00,5.04,5.05,5.05,5.04,356.0,179546.0,5.041,5.0406,5.03315
2026-03-04 14:30:00,5.05,5.04,5.05,5.04,2240.0,1129095.0,5.041,5.040800000000001,5.0331
2026-03-04 14:31:00,5.04,5.05,5.05,5.04,12797.0,6462132.0,5.041,5.0409999999999995,5.03315
2026-03-04 14:32:00,5.05,5.05,5.05,5.04,1917.0,967792.0,5.041,5.041399999999999,5.0332
2026-03-04 14:33:00,5.05,5.05,5.06,5.05,4044.0,2042252.0,5.041,5.0416,5.03325
2026-03-04 14:34:00,5.05,5.06,5.06,5.05,1172.0,592673.0,5.041,5.042,5.0334
2026-03-04 14:35:00,5.06,5.05,5.06,5.05,1491.0,754254.0,5.041,5.0422,5.03355
2026-03-04 14:36:00,5.05,5.06,5.07,5.06,17125.0,8668820.0,5.041,5.0426,5.0337499999999995
2026-03-04 14:37:00,5.06,5.06,5.06,5.06,758.0,383613.0,5.041,5.0432,5.034
2026-03-04 14:38:00,5.06,5.05,5.07,5.05,2883.0,1458683.0,5.041,5.0436,5.0341499999999995
2026-03-04 14:39:00,5.05,5.06,5.06,5.05,492.0,248914.0,5.041,5.0442,5.03435
2026-03-04 14:40:00,5.06,5.06,5.06,5.05,1434.0,724788.0,5.041,5.0446,5.034549999999999
2026-03-04 14:41:00,5.06,5.05,5.06,5.05,2213.0,1119187.0,5.041,5.0448,5.0347
2026-03-04 14:42:00,5.05,5.05,5.06,5.05,1007.0,508779.0,5.041,5.0451999999999995,5.03475
2026-03-04 14:43:00,5.05,5.05,5.06,5.05,675.0,341205.0,5.041,5.0454,5.03485
2026-03-04 14:44:00,5.05,5.05,5.06,5.05,2675.0,1352809.0,5.041,5.0456,5.0349
2026-03-04 14:45:00,5.05,5.06,5.06,5.05,6889.0,3485560.0,5.041,5.045999999999999,5.03505
2026-03-04 14:46:00,5.06,5.06,5.07,5.05,4917.0,2483901.0,5.041,5.0464,5.0352
2026-03-04 14:47:00,5.06,5.05,5.06,5.04,8136.0,4109252.0,5.041,5.0466,5.035299999999999
2026-03-04 14:48:00,5.05,5.05,5.06,5.04,1305.0,658994.0,5.042,5.0468,5.03535
2026-03-04 14:49:00,5.05,5.04,5.05,5.04,2043.0,1030426.0,5.042,5.047,5.035299999999999
2026-03-04 14:50:00,5.04,5.05,5.05,5.04,1576.0,795485.0,5.042,5.0472,5.03525
2026-03-04 14:51:00,5.05,5.05,5.06,5.04,1896.0,957422.0,5.042,5.0472,5.0352500000000004
2026-03-04 14:52:00,5.05,5.05,5.06,5.04,3585.0,1809784.0,5.042,5.0472,5.03525
2026-03-04 14:53:00,5.05,5.05,5.05,5.04,1799.0,908077.0,5.042,5.0474,5.035150000000001
2026-03-04 14:54:00,5.05,5.05,5.06,5.05,1345.0,679634.0,5.042,5.0476,5.0351
2026-03-04 14:55:00,5.05,5.06,5.06,5.05,996.0,503194.0,5.042,5.048,5.03515
2026-03-04 14:56:00,5.06,5.05,5.06,5.05,3955.0,1997439.0,5.042,5.0482,5.03515
2026-03-04 14:57:00,5.05,5.06,5.06,5.06,4599.0,2324906.0,5.042,5.0484,5.0352
2026-03-04 14:58:00,5.06,5.06,5.06,5.06,52.0,26283.0,5.042,5.0488,5.0352
2026-03-04 14:59:00,5.06,5.06,5.06,5.06,0.0,0.0,5.042,5.0489999999999995,5.0352
2026-03-04 15:00:00,5.06,5.05,5.05,5.05,4799.0,2423495.0,5.042,5.0492,5.0352500000000004
2026-03-05 09:30:00,5.06,5.06,5.06,5.06,6574.0,3326444.0,5.06,5.049600000000001,5.035349999999999
2026-03-05 09:31:00,5.06,5.07,5.07,5.05,9079.0,4597221.0,5.062,5.05,5.03555
2026-03-05 09:32:00,5.07,5.06,5.07,5.06,12007.0,6078519.0,5.062,5.0504,5.0357
2026-03-05 09:33:00,5.06,5.05,5.07,5.05,22117.0,11194985.0,5.062,5.050599999999999,5.03575
2026-03-05 09:34:00,5.05,5.05,5.06,5.05,6881.0,3479850.0,5.061,5.0508,5.03585
2026-03-05 09:35:00,5.05,5.05,5.06,5.05,8831.0,4464016.0,5.061,5.050999999999999,5.0359
2026-03-05 09:36:00,5.06,5.05,5.06,5.04,45631.0,23044550.0,5.056,5.0512,5.035950000000001
2026-03-05 09:37:00,5.04,5.04,5.05,5.04,6750.0,3406330.0,5.056,5.0512,5.036
2026-03-05 09:38:00,5.04,5.05,5.05,5.03,13216.0,6661892.0,5.054,5.0514,5.0360499999999995
2026-03-05 09:39:00,5.05,5.04,5.05,5.04,3362.0,1696908.0,5.054,5.0514,5.0361
2026-03-05 09:40:00,5.04,5.05,5.06,5.04,13874.0,7007900.0,5.054,5.0514,5.03615
2026-03-05 09:41:00,5.06,5.07,5.07,5.05,11805.0,5972934.0,5.054,5.0518,5.03635
2026-03-05 09:42:00,5.06,5.07,5.07,5.06,665.0,336692.0,5.054,5.0524,5.03655
2026-03-05 09:43:00,5.06,5.06,5.07,5.05,7260.0,3673667.0,5.055,5.0526,5.03665
2026-03-05 09:44:00,5.06,5.05,5.06,5.05,1456.0,735830.0,5.055,5.0527999999999995,5.0367
2026-03-05 09:45:00,5.05,5.05,5.06,5.05,4477.0,2261282.0,5.054,5.053,5.0368
2026-03-05 09:46:00,5.05,5.04,5.06,5.04,5792.0,2924614.0,5.054,5.0527999999999995,5.0368
2026-03-05 09:47:00,5.05,5.05,5.05,5.04,3723.0,1877687.0,5.054,5.053,5.0369
2026-03-05 09:48:00,5.04,5.05,5.05,5.04,7073.0,3570823.0,5.054,5.053,5.03695
2026-03-05 09:49:00,5.04,5.05,5.06,5.04,4823.0,2434901.0,5.054,5.0531999999999995,5.03705
2026-03-05 09:50:00,5.05,5.05,5.06,5.05,7890.0,3985757.0,5.054,5.0532,5.0371500000000005
2026-03-05 09:51:00,5.06,5.06,5.06,5.05,1563.0,789687.0,5.054,5.0534,5.037249999999999
2026-03-05 09:52:00,5.05,5.06,5.06,5.05,2122.0,1073447.0,5.054,5.0536,5.037299999999999
2026-03-05 09:53:00,5.06,5.05,5.06,5.05,2061.0,1041137.0,5.054,5.0534,5.0373
2026-03-05 09:54:00,5.05,5.06,5.06,5.05,1223.0,617966.0,5.054,5.053599999999999,5.0374
2026-03-05 09:55:00,5.06,5.06,5.06,5.05,782.0,395040.0,5.054,5.053599999999999,5.0375499999999995
2026-03-05 09:56:00,5.05,5.06,5.06,5.05,1967.0,994723.0,5.054,5.053599999999999,5.03765
2026-03-05 09:57:00,5.06,5.06,5.06,5.05,1242.0,627712.0,5.054,5.0538,5.037800000000001
2026-03-05 09:58:00,5.06,5.05,5.06,5.05,2986.0,1508408.0,5.054,5.0536,5.03785
2026-03-05 09:59:00,5.06,5.06,5.06,5.05,6512.0,3288944.0,5.054,5.0536,5.038
2026-03-05 10:00:00,5.06,5.05,5.06,5.05,1341.0,677446.0,5.054,5.053599999999999,5.038
2026-03-05 10:01:00,5.05,5.06,5.06,5.05,1855.0,937018.0,5.054,5.0538,5.03805
2026-03-05 10:02:00,5.05,5.06,5.06,5.05,928.0,468733.0,5.054,5.053999999999999,5.03815
2026-03-05 10:03:00,5.05,5.06,5.06,5.05,579.0,292667.0,5.054,5.0542,5.03825
2026-03-05 10:04:00,5.06,5.05,5.06,5.05,6474.0,3269443.0,5.053,5.053999999999999,5.0383
2026-03-05 10:05:00,5.04,5.05,5.05,5.04,411.0,207346.0,5.053,5.0538,5.038399999999999
2026-03-05 10:06:00,5.05,5.05,5.05,5.04,1944.0,981217.0,5.053,5.0538,5.0385
2026-03-05 10:07:00,5.04,5.05,5.05,5.04,869.0,438723.0,5.053,5.053799999999999,5.0386500000000005
2026-03-05 10:08:00,5.05,5.04,5.05,5.04,787.0,397129.0,5.053,5.0538,5.0386999999999995
2026-03-05 10:09:00,5.05,5.05,5.05,5.04,1885.0,951207.0,5.053,5.0538,5.0388
2026-03-05 10:10:00,5.05,5.05,5.05,5.04,634.0,319686.0,5.053,5.0538,5.03885
2026-03-05 10:11:00,5.04,5.05,5.05,5.04,304.0,153395.0,5.053,5.053799999999999,5.038950000000001
2026-03-05 10:12:00,5.05,5.05,5.05,5.04,5275.0,2659839.0,5.053,5.0538,5.039
2026-03-05 10:13:00,5.05,5.05,5.05,5.04,788.0,397564.0,5.053,5.0538,5.0390999999999995
2026-03-05 10:14:00,5.05,5.06,5.06,5.04,10245.0,5175060.0,5.053,5.053799999999999,5.0392
2026-03-05 10:15:00,5.05,5.06,5.06,5.05,1240.0,626914.0,5.053,5.053999999999999,5.0393
2026-03-05 10:16:00,5.05,5.07,5.07,5.05,27377.0,13850123.0,5.054,5.0542,5.0395
2026-03-05 10:17:00,5.07,5.07,5.07,5.06,1295.0,656130.0,5.054,5.0544,5.0397
2026-03-05 10:18:00,5.06,5.07,5.07,5.06,1841.0,931702.0,5.054,5.0546,5.0399
2026-03-05 10:19:00,5.07,5.07,5.07,5.06,241.0,122008.0,5.054,5.055,5.04015
2026-03-05 10:20:00,5.07,5.06,5.07,5.06,1862.0,942683.0,5.054,5.055,5.040299999999999
2026-03-05 10:21:00,5.06,5.06,5.07,5.06,3140.0,1589003.0,5.054,5.054799999999999,5.04045
2026-03-05 10:22:00,5.07,5.07,5.07,5.06,575.0,290966.0,5.054,5.055,5.0407
2026-03-05 10:23:00,5.06,5.05,5.07,5.05,3263.0,1650969.0,5.054,5.055,5.04085
2026-03-05 10:24:00,5.06,5.06,5.06,5.05,1462.0,738325.0,5.054,5.0552,5.041049999999999
2026-03-05 10:25:00,5.06,5.05,5.06,5.05,615.0,310732.0,5.054,5.0552,5.0412
2026-03-05 10:26:00,5.06,5.06,5.06,5.05,1374.0,693998.0,5.054,5.0554,5.04145
2026-03-05 10:27:00,5.06,5.06,5.06,5.05,422.0,213208.0,5.054,5.0558,5.04165
2026-03-05 10:28:00,5.06,5.06,5.06,5.05,4107.0,2074278.0,5.054,5.056,5.0419
2026-03-05 10:29:00,5.06,5.06,5.06,5.05,4635.0,2341155.0,5.054,5.0564,5.0421
2026-03-05 10:30:00,5.06,5.06,5.06,5.05,1409.0,712305.0,5.054,5.0565999999999995,5.04235
2026-03-05 10:31:00,5.06,5.06,5.06,5.05,2296.0,1159500.0,5.054,5.0564,5.0426
2026-03-05 10:32:00,5.06,5.06,5.06,5.05,1789.0,904445.0,5.054,5.0562000000000005,5.0428500000000005
2026-03-05 10:33:00,5.06,5.05,5.06,5.05,1295.0,655199.0,5.054,5.056,5.04305
2026-03-05 10:34:00,5.06,5.07,5.07,5.06,7315.0,3701423.0,5.054,5.0564,5.04335
2026-03-05 10:35:00,5.06,5.07,5.07,5.06,720.0,364360.0,5.054,5.0568,5.0436
2026-03-05 10:36:00,5.06,5.06,5.07,5.06,868.0,439766.0,5.054,5.0572,5.04385
2026-03-05 10:37:00,5.06,5.06,5.07,5.06,1087.0,550518.0,5.054,5.0574,5.0440499999999995
2026-03-05 10:38:00,5.06,5.07,5.07,5.06,580.0,293562.0,5.054,5.057799999999999,5.0443
2026-03-05 10:39:00,5.06,5.07,5.07,5.06,7667.0,3886931.0,5.054,5.0582,5.04455
2026-03-05 10:40:00,5.07,5.08,5.08,5.07,23619.0,11975371.0,5.055,5.0588,5.04485
2026-03-05 10:41:00,5.07,5.08,5.08,5.07,539.0,273420.0,5.055,5.0592,5.04515
2026-03-05 10:42:00,5.07,5.07,5.08,5.07,494.0,250602.0,5.055,5.0594,5.04535
2026-03-05 10:43:00,5.07,5.08,5.08,5.07,10644.0,5406893.0,5.056,5.06,5.0456
2026-03-05 10:44:00,5.08,5.09,5.09,5.08,10495.0,5331726.0,5.057,5.0606,5.04595
2026-03-05 10:45:00,5.09,5.09,5.09,5.08,2806.0,1428011.0,5.057,5.0612,5.0463
2026-03-05 10:46:00,5.08,5.09,5.09,5.08,576.0,292640.0,5.057,5.0618,5.0466
2026-03-05 10:47:00,5.08,5.09,5.09,5.08,413.0,209902.0,5.057,5.0624,5.04695
2026-03-05 10:48:00,5.08,5.09,5.09,5.08,555.0,282081.0,5.057,5.0632,5.0473
2026-03-05 10:49:00,5.09,5.09,5.09,5.08,490.0,249066.0,5.057,5.0638,5.04765
2026-03-05 10:50:00,5.08,5.08,5.08,5.07,8577.0,4357099.0,5.058,5.0644,5.04795
2026-03-05 10:51:00,5.07,5.08,5.08,5.07,1182.0,600384.0,5.058,5.0648,5.0482
2026-03-05 10:52:00,5.08,5.08,5.08,5.08,945.0,480051.0,5.058,5.0652,5.0485
2026-03-05 10:53:00,5.08,5.08,5.08,5.07,445.0,225943.0,5.058,5.0656,5.0488
2026-03-05 10:54:00,5.08,5.08,5.08,5.07,844.0,428700.0,5.058,5.0662,5.04915
2026-03-05 10:55:00,5.07,5.08,5.09,5.07,2795.0,1419875.0,5.058,5.0668,5.04945
2026-03-05 10:56:00,5.08,5.09,5.09,5.07,2396.0,1217151.0,5.058,5.0676,5.0498
2026-03-05 10:57:00,5.08,5.09,5.09,5.08,244.0,123983.0,5.058,5.0684000000000005,5.0501499999999995
2026-03-05 10:58:00,5.09,5.09,5.09,5.08,544.0,276460.0,5.058,5.069399999999999,5.0505
2026-03-05 10:59:00,5.08,5.08,5.09,5.08,1399.0,710735.0,5.058,5.07,5.0508
2026-03-05 11:00:00,5.08,5.08,5.08,5.07,395.0,200623.0,5.058,5.0706,5.05115
2026-03-05 11:01:00,5.08,5.08,5.08,5.07,221.0,112162.0,5.058,5.0712,5.0515
2026-03-05 11:02:00,5.08,5.08,5.08,5.07,143.0,72593.0,5.058,5.0718,5.05185
2026-03-05 11:03:00,5.07,5.08,5.08,5.07,125.0,63460.0,5.058,5.0724,5.05215
2026-03-05 11:04:00,5.08,5.08,5.08,5.07,162.0,82223.0,5.058,5.0728,5.05245
2026-03-05 11:05:00,5.08,5.08,5.08,5.07,313.0,158904.0,5.058,5.0732,5.0528
2026-03-05 11:06:00,5.07,5.08,5.08,5.07,319.0,161899.0,5.058,5.0733999999999995,5.0531
2026-03-05 11:07:00,5.08,5.08,5.08,5.07,544.0,275911.0,5.058,5.0736,5.0534
2026-03-05 11:08:00,5.07,5.07,5.08,5.07,97.0,49241.0,5.058,5.0736,5.053599999999999
2026-03-05 11:09:00,5.08,5.07,5.08,5.07,1632.0,828652.0,5.058,5.0736,5.05375
2026-03-05 11:10:00,5.08,5.08,5.08,5.07,1516.0,770100.0,5.059,5.074000000000001,5.05395
2026-03-05 11:11:00,5.07,5.08,5.08,5.07,414.0,209944.0,5.059,5.0744,5.0542
2026-03-05 11:12:00,5.07,5.07,5.08,5.07,3657.0,1854191.0,5.059,5.0744,5.0544
2026-03-05 11:13:00,5.08,5.07,5.08,5.07,1364.0,691608.0,5.059,5.0748,5.0546
2026-03-05 11:14:00,5.08,5.07,5.08,5.07,378.0,192003.0,5.059,5.075,5.0548
2026-03-05 11:15:00,5.08,5.08,5.08,5.07,1043.0,529301.0,5.059,5.0756,5.05505
2026-03-05 11:16:00,5.08,5.07,5.08,5.07,856.0,434056.0,5.059,5.0758,5.05525
2026-03-05 11:17:00,5.07,5.07,5.08,5.07,251.0,127317.0,5.059,5.0760000000000005,5.055400000000001
2026-03-05 11:18:00,5.08,5.08,5.08,5.07,431.0,218598.0,5.059,5.0764,5.05565
2026-03-05 11:19:00,5.08,5.07,5.08,5.07,465.0,236014.0,5.059,5.0766,5.0558
2026-03-05 11:20:00,5.08,5.07,5.08,5.07,1645.0,835539.0,5.059,5.0768,5.056
2026-03-05 11:21:00,5.08,5.08,5.08,5.07,6442.0,3272469.0,5.059,5.0772,5.0562000000000005
2026-03-05 11:22:00,5.08,5.08,5.08,5.07,1105.0,561335.0,5.059,5.0776,5.05645
2026-03-05 11:23:00,5.08,5.08,5.08,5.07,313.0,158961.0,5.059,5.078200000000001,5.056699999999999
2026-03-05 11:24:00,5.08,5.09,5.09,5.07,8098.0,4113945.0,5.06,5.0786,5.05695
2026-03-05 11:25:00,5.09,5.08,5.09,5.08,191.0,97057.0,5.06,5.0788,5.05715
2026-03-05 11:26:00,5.08,5.08,5.09,5.08,2094.0,1063772.0,5.06,5.0792,5.05735
2026-03-05 11:27:00,5.08,5.08,5.09,5.08,843.0,428443.0,5.06,5.0796,5.0576
2026-03-05 11:28:00,5.09,5.08,5.09,5.08,298.0,151603.0,5.06,5.0798000000000005,5.0578
2026-03-05 11:29:00,5.09,5.09,5.09,5.08,1066.0,542486.0,5.06,5.0802000000000005,5.0581
2026-03-05 11:30:00,5.08,5.08,5.09,5.08,780.0,396776.0,5.06,5.0802,5.0583
2026-03-05 13:01:00,5.09,5.09,5.09,5.08,6970.0,3546011.0,5.06,5.0804,5.0586
2026-03-05 13:02:00,5.08,5.08,5.09,5.08,557.0,282995.0,5.06,5.0806000000000004,5.0588
2026-03-05 13:03:00,5.08,5.08,5.09,5.08,145.0,73726.0,5.06,5.0806000000000004,5.059
2026-03-05 13:04:00,5.09,5.08,5.09,5.07,8393.0,4263641.0,5.061,5.0804,5.059200000000001
2026-03-05 13:05:00,5.08,5.08,5.08,5.07,310.0,157388.0,5.061,5.0802,5.0594
2026-03-05 13:06:00,5.08,5.07,5.08,5.07,886.0,450074.0,5.061,5.0798000000000005,5.0596
2026-03-05 13:07:00,5.07,5.07,5.08,5.07,3042.0,1544976.0,5.061,5.0794,5.059799999999999
2026-03-05 13:08:00,5.09,5.08,5.09,5.08,4322.0,2195665.0,5.061,5.079199999999999,5.06005
2026-03-05 13:09:00,5.09,5.09,5.09,5.08,4776.0,2430858.0,5.061,5.0792,5.060300000000001
2026-03-05 13:10:00,5.09,5.08,5.09,5.08,434.0,220749.0,5.061,5.0792,5.060499999999999
2026-03-05 13:11:00,5.08,5.09,5.09,5.08,2441.0,1242400.0,5.062,5.0794,5.0607999999999995
2026-03-05 13:12:00,5.09,5.08,5.09,5.08,746.0,379616.0,5.062,5.0794,5.061
2026-03-05 13:13:00,5.09,5.09,5.09,5.08,3079.0,1567210.0,5.062,5.0796,5.06125
2026-03-05 13:14:00,5.09,5.08,5.09,5.08,2193.0,1116134.0,5.062,5.0796,5.06145
2026-03-05 13:15:00,5.09,5.08,5.09,5.08,4561.0,2321430.0,5.062,5.0796,5.06165
2026-03-05 13:16:00,5.09,5.08,5.09,5.08,627.0,319083.0,5.062,5.0794,5.06185
